experiment_id,model_name,compression_method,budget_label,calibration_replicate,seed,sparsity,quantisation_bits,status,git_commit,model_revision,method_version,host,perplexity,perplexity_retention,total_nll,total_tokens,num_sequences,sequence_length,evaluation_device,eval_split,dataset_fingerprint,calibration_fingerprint,measured_sparsity,targeted_parameters
,,,,,,,,,,,,"Windows|Intel64 Family 6 Model 186 Stepping 2, GenuineIntel|16|NVIDIA GeForce RTX 4050 Laptop GPU",,,,,,,,,,,,
,,,,,,,,,,,,"Windows|Intel64 Family 6 Model 186 Stepping 2, GenuineIntel|16|NVIDIA GeForce RTX 4050 Laptop GPU",,,,,,,,,,,,
,,,,,,,,,,,,"Windows|Intel64 Family 6 Model 186 Stepping 2, GenuineIntel|16|NVIDIA GeForce RTX 4050 Laptop GPU",,,,,,,,,,,,
,,,,,,,,,,,,"Windows|Intel64 Family 6 Model 186 Stepping 2, GenuineIntel|16|NVIDIA GeForce RTX 4050 Laptop GPU",,,,,,,,,,,,
pythia-160m_dense_aggressive_s00_b32_rep0,pythia-160m,dense,aggressive,0,1234,0.0,32,success,5c6d70a8099dc06e71825f5396714aa41affab52-dirty,50f5173d932e8e61f858120bcb800b97af589f46,4,"Windows|Intel64 Family 6 Model 186 Stepping 2, GenuineIntel|16|NVIDIA GeForce RTX 4050 Laptop GPU",36.974098569864545,100.0,909496.8557128906,251923,493,512,cpu,validation,da4b790a50b187c5,,,
pythia-160m_dense_moderate_s00_b32_rep0,pythia-160m,dense,moderate,0,1234,0.0,32,success,e0c06ac17fb95ee27156508ed114f145d0111784,50f5173d932e8e61f858120bcb800b97af589f46,4,"Windows|Intel64 Family 6 Model 186 Stepping 2, GenuineIntel|16|NVIDIA GeForce RTX 4050 Laptop GPU",35.85747614686329,100.0,936525.37109375,261632,512,512,cpu,test,9939fb7302c336ce,,,
pythia-160m_dense_moderate_s00_b32_seed1234,pythia-160m,dense,moderate,,1234,0.0,32,success,72ab1315444c5d7abdd238b63c0e89b0ab83c132-dirty,50f5173d932e8e61f858120bcb800b97af589f46,4,"Windows|Intel64 Family 6 Model 186 Stepping 2, GenuineIntel|16|NVIDIA GeForce RTX 4050 Laptop GPU",36.97410079144235,100.0,909496.8708496094,251923,493,512,cpu,validation,da4b790a50b187c5,,,
pythia-160m_dense_s1_30_w8_s00_b32_seed1234,pythia-160m,dense,s1_30_w8,,1234,0.0,32,success,05008dca86ecabf57f10b3d41cd0a9798ebc64cf-dirty,50f5173d932e8e61f858120bcb800b97af589f46,4,"Windows|Intel64 Family 6 Model 186 Stepping 2, GenuineIntel|16|NVIDIA GeForce RTX 4050 Laptop GPU",36.97410079144235,100.0,909496.8708496094,251923,493,512,cpu,validation,da4b790a50b187c5,,,
pythia-160m_joint_aggressive_s30_b4_rep0,pythia-160m,joint,aggressive,0,1234,0.3,4,success,7ecaa28fb91c273890de54dce32d9ffa46244039-dirty,50f5173d932e8e61f858120bcb800b97af589f46,4,"Windows|Intel64 Family 6 Model 186 Stepping 2, GenuineIntel|16|NVIDIA GeForce RTX 4050 Laptop GPU",64.04133747110453,57.73473826424576,1047880.9670410156,251923,493,512,cpu,validation,da4b790a50b187c5,,,84934656
pythia-160m_joint_aggressive_s30_b4_rep1,pythia-160m,joint,aggressive,1,1234,0.3,4,success,1c85a7301b4b7dc21b300ad87985928c8c9648e4,50f5173d932e8e61f858120bcb800b97af589f46,4,"Windows|Intel64 Family 6 Model 186 Stepping 2, GenuineIntel|16|NVIDIA GeForce RTX 4050 Laptop GPU",63.15395280500514,58.545976819576424,1044365.8017578125,251923,493,512,cpu,validation,da4b790a50b187c5,,,84934656
pythia-160m_joint_aggressive_s30_b4_rep2,pythia-160m,joint,aggressive,2,1234,0.3,4,success,1c85a7301b4b7dc21b300ad87985928c8c9648e4,50f5173d932e8e61f858120bcb800b97af589f46,4,"Windows|Intel64 Family 6 Model 186 Stepping 2, GenuineIntel|16|NVIDIA GeForce RTX 4050 Laptop GPU",63.680976953818714,58.061449962801404,1046459.3933105469,251923,493,512,cpu,validation,da4b790a50b187c5,,,84934656
pythia-160m_joint_s1_30_w8_s30_b8_seed1234,pythia-160m,joint,s1_30_w8,,1234,0.3,8,success,b5c413fbdf6e857f48dea1722179336cc1076e1b-dirty,50f5173d932e8e61f858120bcb800b97af589f46,4,"Windows|Intel64 Family 6 Model 186 Stepping 2, GenuineIntel|16|NVIDIA GeForce RTX 4050 Laptop GPU",46.06379824197866,80.26715599354826,964871.9810791016,251923,493,512,cpu,validation,da4b790a50b187c5,,,84934656
pythia-160m_joint_s2_50_w8_s50_b8_seed1234,pythia-160m,joint,s2_50_w8,,1234,0.5,8,success,b5c413fbdf6e857f48dea1722179336cc1076e1b-dirty,50f5173d932e8e61f858120bcb800b97af589f46,4,"Windows|Intel64 Family 6 Model 186 Stepping 2, GenuineIntel|16|NVIDIA GeForce RTX 4050 Laptop GPU",175.4772005970647,21.07060100436822,1301814.4008789062,251923,493,512,cpu,validation,da4b790a50b187c5,,,84934656
pythia-160m_joint_s3_50_w4_s50_b4_seed1234,pythia-160m,joint,s3_50_w4,,1234,0.5,4,success,b5c413fbdf6e857f48dea1722179336cc1076e1b-dirty,50f5173d932e8e61f858120bcb800b97af589f46,4,"Windows|Intel64 Family 6 Model 186 Stepping 2, GenuineIntel|16|NVIDIA GeForce RTX 4050 Laptop GPU",240.98924893000677,15.342634974633727,1381735.2592773438,251923,493,512,cpu,validation,da4b790a50b187c5,,,84934656
pythia-160m_joint_s4_70_w4_s70_b4_seed1234,pythia-160m,joint,s4_70_w4,,1234,0.7,4,success,b5c413fbdf6e857f48dea1722179336cc1076e1b-dirty,50f5173d932e8e61f858120bcb800b97af589f46,4,"Windows|Intel64 Family 6 Model 186 Stepping 2, GenuineIntel|16|NVIDIA GeForce RTX 4050 Laptop GPU",5894.995549998348,0.6272116828222664,2187159.9794921875,251923,493,512,cpu,validation,da4b790a50b187c5,,,84934656
pythia-160m_joint_s5_30_w4_s30_b4_seed1234,pythia-160m,joint,s5_30_w4,,1234,0.3,4,success,b5c413fbdf6e857f48dea1722179336cc1076e1b-dirty,50f5173d932e8e61f858120bcb800b97af589f46,4,"Windows|Intel64 Family 6 Model 186 Stepping 2, GenuineIntel|16|NVIDIA GeForce RTX 4050 Laptop GPU",64.04136781990903,57.734714373086724,1047881.0864257812,251923,493,512,cpu,validation,da4b790a50b187c5,,,84934656
pythia-160m_joint_s6_40_w8_s40_b8_rep0,pythia-160m,joint,s6_40_w8,0,1234,0.4,8,success,b9ff0a57ae6c71d23b0e38cd71666ad5f88b65d0-dirty,50f5173d932e8e61f858120bcb800b97af589f46,4,"Windows|Intel64 Family 6 Model 186 Stepping 2, GenuineIntel|16|NVIDIA GeForce RTX 4050 Laptop GPU",68.2185197695226,54.19950285462386,1063799.302734375,251923,493,512,cpu,validation,da4b790a50b187c5,,,84934656
pythia-160m_joint_s6_40_w8_s40_b8_rep1,pythia-160m,joint,s6_40_w8,1,1234,0.4,8,success,b9ff0a57ae6c71d23b0e38cd71666ad5f88b65d0-dirty,50f5173d932e8e61f858120bcb800b97af589f46,4,"Windows|Intel64 Family 6 Model 186 Stepping 2, GenuineIntel|16|NVIDIA GeForce RTX 4050 Laptop GPU",68.50091406951965,53.97606597240523,1064839.9992675781,251923,493,512,cpu,validation,da4b790a50b187c5,,,84934656
pythia-160m_joint_s6_40_w8_s40_b8_rep2,pythia-160m,joint,s6_40_w8,2,1234,0.4,8,success,b9ff0a57ae6c71d23b0e38cd71666ad5f88b65d0-dirty,50f5173d932e8e61f858120bcb800b97af589f46,4,"Windows|Intel64 Family 6 Model 186 Stepping 2, GenuineIntel|16|NVIDIA GeForce RTX 4050 Laptop GPU",68.0760870114411,54.31290221432755,1063272.7653808594,251923,493,512,cpu,validation,da4b790a50b187c5,,,84934656
pythia-160m_joint_s6_40_w8_s40_b8_seed1234,pythia-160m,joint,s6_40_w8,,1234,0.4,8,success,b5c413fbdf6e857f48dea1722179336cc1076e1b-dirty,50f5173d932e8e61f858120bcb800b97af589f46,4,"Windows|Intel64 Family 6 Model 186 Stepping 2, GenuineIntel|16|NVIDIA GeForce RTX 4050 Laptop GPU",68.21842278457635,54.19958316568103,1063798.9445800781,251923,493,512,cpu,validation,da4b790a50b187c5,,,84934656
pythia-160m_pruning_aggressive_s30_b32_rep0,pythia-160m,pruning,aggressive,0,1234,0.3,32,success,b19b98a95c9b7812980ba608f035a8aaeb6015a3,50f5173d932e8e61f858120bcb800b97af589f46,4,"Windows|Intel64 Family 6 Model 186 Stepping 2, GenuineIntel|16|NVIDIA GeForce RTX 4050 Laptop GPU",45.02434230000943,79.6401997566898,996086.2094726562,261632,512,512,cpu,test,9939fb7302c336ce,,,84934656
pythia-160m_pruning_aggressive_s30_b32_rep1,pythia-160m,pruning,aggressive,1,1234,0.3,32,success,b19b98a95c9b7812980ba608f035a8aaeb6015a3,50f5173d932e8e61f858120bcb800b97af589f46,4,"Windows|Intel64 Family 6 Model 186 Stepping 2, GenuineIntel|16|NVIDIA GeForce RTX 4050 Laptop GPU",44.93109074298966,79.80548781237394,995543.7719726562,261632,512,512,cpu,test,9939fb7302c336ce,,,84934656
pythia-160m_pruning_aggressive_s30_b32_rep2,pythia-160m,pruning,aggressive,2,1234,0.3,32,success,b19b98a95c9b7812980ba608f035a8aaeb6015a3,50f5173d932e8e61f858120bcb800b97af589f46,4,"Windows|Intel64 Family 6 Model 186 Stepping 2, GenuineIntel|16|NVIDIA GeForce RTX 4050 Laptop GPU",45.068195760503315,79.56270612077158,996340.9135742188,261632,512,512,cpu,test,9939fb7302c336ce,,,84934656
pythia-160m_pruning_aggressive_s30_b32_rep3,pythia-160m,pruning,aggressive,3,1234,0.3,32,success,b19b98a95c9b7812980ba608f035a8aaeb6015a3,50f5173d932e8e61f858120bcb800b97af589f46,4,"Windows|Intel64 Family 6 Model 186 Stepping 2, GenuineIntel|16|NVIDIA GeForce RTX 4050 Laptop GPU",44.93065034154269,79.80627005015688,995541.2075195312,261632,512,512,cpu,test,9939fb7302c336ce,,,84934656
pythia-160m_pruning_aggressive_s30_b32_rep4,pythia-160m,pruning,aggressive,4,1234,0.3,32,success,b19b98a95c9b7812980ba608f035a8aaeb6015a3,50f5173d932e8e61f858120bcb800b97af589f46,4,"Windows|Intel64 Family 6 Model 186 Stepping 2, GenuineIntel|16|NVIDIA GeForce RTX 4050 Laptop GPU",44.987983995320526,79.7045632242446,995874.849609375,261632,512,512,cpu,test,9939fb7302c336ce,,,84934656
pythia-160m_pruning_aggressive_s30_b32_rep5,pythia-160m,pruning,aggressive,5,1234,0.3,32,success,b19b98a95c9b7812980ba608f035a8aaeb6015a3,50f5173d932e8e61f858120bcb800b97af589f46,4,"Windows|Intel64 Family 6 Model 186 Stepping 2, GenuineIntel|16|NVIDIA GeForce RTX 4050 Laptop GPU",44.86965296224725,79.91476149154376,995185.77734375,261632,512,512,cpu,test,9939fb7302c336ce,,,84934656
pythia-160m_pruning_aggressive_s30_b32_rep6,pythia-160m,pruning,aggressive,6,1234,0.3,32,success,b19b98a95c9b7812980ba608f035a8aaeb6015a3,50f5173d932e8e61f858120bcb800b97af589f46,4,"Windows|Intel64 Family 6 Model 186 Stepping 2, GenuineIntel|16|NVIDIA GeForce RTX 4050 Laptop GPU",44.98320814807004,79.71302542235802,995847.0737304688,261632,512,512,cpu,test,9939fb7302c336ce,,,84934656
pythia-160m_pruning_aggressive_s30_b32_rep7,pythia-160m,pruning,aggressive,7,1234,0.3,32,success,b19b98a95c9b7812980ba608f035a8aaeb6015a3,50f5173d932e8e61f858120bcb800b97af589f46,4,"Windows|Intel64 Family 6 Model 186 Stepping 2, GenuineIntel|16|NVIDIA GeForce RTX 4050 Laptop GPU",44.88264824541447,79.89162304059619,995261.541015625,261632,512,512,cpu,test,9939fb7302c336ce,,,84934656
pythia-160m_pruning_moderate_s30_b32_rep0,pythia-160m,pruning,moderate,0,1234,0.3,32,success,b19b98a95c9b7812980ba608f035a8aaeb6015a3,50f5173d932e8e61f858120bcb800b97af589f46,4,"Windows|Intel64 Family 6 Model 186 Stepping 2, GenuineIntel|16|NVIDIA GeForce RTX 4050 Laptop GPU",45.02426835499812,79.64033055271796,996085.7797851562,261632,512,512,cpu,test,9939fb7302c336ce,,,84934656
pythia-160m_pruning_moderate_s30_b32_rep1,pythia-160m,pruning,moderate,1,1234,0.3,32,success,b19b98a95c9b7812980ba608f035a8aaeb6015a3,50f5173d932e8e61f858120bcb800b97af589f46,4,"Windows|Intel64 Family 6 Model 186 Stepping 2, GenuineIntel|16|NVIDIA GeForce RTX 4050 Laptop GPU",44.93109074298966,79.80548781237394,995543.7719726562,261632,512,512,cpu,test,9939fb7302c336ce,,,84934656
pythia-160m_pruning_moderate_s30_b32_rep2,pythia-160m,pruning,moderate,2,1234,0.3,32,success,b19b98a95c9b7812980ba608f035a8aaeb6015a3,50f5173d932e8e61f858120bcb800b97af589f46,4,"Windows|Intel64 Family 6 Model 186 Stepping 2, GenuineIntel|16|NVIDIA GeForce RTX 4050 Laptop GPU",45.068195760503315,79.56270612077158,996340.9135742188,261632,512,512,cpu,test,9939fb7302c336ce,,,84934656
pythia-160m_pruning_moderate_s30_b32_rep3,pythia-160m,pruning,moderate,3,1234,0.3,32,success,b19b98a95c9b7812980ba608f035a8aaeb6015a3,50f5173d932e8e61f858120bcb800b97af589f46,4,"Windows|Intel64 Family 6 Model 186 Stepping 2, GenuineIntel|16|NVIDIA GeForce RTX 4050 Laptop GPU",44.93065034154269,79.80627005015688,995541.2075195312,261632,512,512,cpu,test,9939fb7302c336ce,,,84934656
pythia-160m_pruning_moderate_s30_b32_rep4,pythia-160m,pruning,moderate,4,1234,0.3,32,success,b19b98a95c9b7812980ba608f035a8aaeb6015a3,50f5173d932e8e61f858120bcb800b97af589f46,4,"Windows|Intel64 Family 6 Model 186 Stepping 2, GenuineIntel|16|NVIDIA GeForce RTX 4050 Laptop GPU",44.987983995320526,79.7045632242446,995874.849609375,261632,512,512,cpu,test,9939fb7302c336ce,,,84934656
pythia-160m_pruning_moderate_s30_b32_rep5,pythia-160m,pruning,moderate,5,1234,0.3,32,success,b19b98a95c9b7812980ba608f035a8aaeb6015a3,50f5173d932e8e61f858120bcb800b97af589f46,4,"Windows|Intel64 Family 6 Model 186 Stepping 2, GenuineIntel|16|NVIDIA GeForce RTX 4050 Laptop GPU",44.86965296224725,79.91476149154376,995185.77734375,261632,512,512,cpu,test,9939fb7302c336ce,,,84934656
pythia-160m_pruning_moderate_s30_b32_rep6,pythia-160m,pruning,moderate,6,1234,0.3,32,success,b19b98a95c9b7812980ba608f035a8aaeb6015a3,50f5173d932e8e61f858120bcb800b97af589f46,4,"Windows|Intel64 Family 6 Model 186 Stepping 2, GenuineIntel|16|NVIDIA GeForce RTX 4050 Laptop GPU",44.98320814807004,79.71302542235802,995847.0737304688,261632,512,512,cpu,test,9939fb7302c336ce,,,84934656
pythia-160m_pruning_moderate_s30_b32_rep7,pythia-160m,pruning,moderate,7,1234,0.3,32,success,b19b98a95c9b7812980ba608f035a8aaeb6015a3,50f5173d932e8e61f858120bcb800b97af589f46,4,"Windows|Intel64 Family 6 Model 186 Stepping 2, GenuineIntel|16|NVIDIA GeForce RTX 4050 Laptop GPU",44.88264824541447,79.89162304059619,995261.541015625,261632,512,512,cpu,test,9939fb7302c336ce,,,84934656
pythia-160m_quantisation_aggressive_s00_b4_rep0,pythia-160m,quantisation,aggressive,0,1234,0.0,4,success,b19b98a95c9b7812980ba608f035a8aaeb6015a3,50f5173d932e8e61f858120bcb800b97af589f46,4,"Windows|Intel64 Family 6 Model 186 Stepping 2, GenuineIntel|16|NVIDIA GeForce RTX 4050 Laptop GPU",52.50951876176885,68.28757336273745,1036322.9033203125,261632,512,512,cpu,test,9939fb7302c336ce,,,84934656
pythia-160m_quantisation_aggressive_s00_b4_rep1,pythia-160m,quantisation,aggressive,1,1234,0.0,4,success,b19b98a95c9b7812980ba608f035a8aaeb6015a3,50f5173d932e8e61f858120bcb800b97af589f46,4,"Windows|Intel64 Family 6 Model 186 Stepping 2, GenuineIntel|16|NVIDIA GeForce RTX 4050 Laptop GPU",51.24879527670698,69.96745182644483,1029964.6303710938,261632,512,512,cpu,test,9939fb7302c336ce,,,84934656
pythia-160m_quantisation_aggressive_s00_b4_rep2,pythia-160m,quantisation,aggressive,2,1234,0.0,4,success,b19b98a95c9b7812980ba608f035a8aaeb6015a3,50f5173d932e8e61f858120bcb800b97af589f46,4,"Windows|Intel64 Family 6 Model 186 Stepping 2, GenuineIntel|16|NVIDIA GeForce RTX 4050 Laptop GPU",51.74256962056026,69.29975919211998,1032473.3486328125,261632,512,512,cpu,test,9939fb7302c336ce,,,84934656
pythia-160m_quantisation_aggressive_s00_b4_rep3,pythia-160m,quantisation,aggressive,3,1234,0.0,4,success,b19b98a95c9b7812980ba608f035a8aaeb6015a3,50f5173d932e8e61f858120bcb800b97af589f46,4,"Windows|Intel64 Family 6 Model 186 Stepping 2, GenuineIntel|16|NVIDIA GeForce RTX 4050 Laptop GPU",51.83495755617217,69.17624290133834,1032940.083984375,261632,512,512,cpu,test,9939fb7302c336ce,,,84934656
pythia-160m_quantisation_aggressive_s00_b4_rep4,pythia-160m,quantisation,aggressive,4,1234,0.0,4,success,b19b98a95c9b7812980ba608f035a8aaeb6015a3,50f5173d932e8e61f858120bcb800b97af589f46,4,"Windows|Intel64 Family 6 Model 186 Stepping 2, GenuineIntel|16|NVIDIA GeForce RTX 4050 Laptop GPU",50.90751061675696,70.43651459763242,1028216.4990234375,261632,512,512,cpu,test,9939fb7302c336ce,,,84934656
pythia-160m_quantisation_aggressive_s00_b4_rep5,pythia-160m,quantisation,aggressive,5,1234,0.0,4,success,b19b98a95c9b7812980ba608f035a8aaeb6015a3,50f5173d932e8e61f858120bcb800b97af589f46,4,"Windows|Intel64 Family 6 Model 186 Stepping 2, GenuineIntel|16|NVIDIA GeForce RTX 4050 Laptop GPU",50.99955367337306,70.30939207137519,1028689.1142578125,261632,512,512,cpu,test,9939fb7302c336ce,,,84934656
pythia-160m_quantisation_aggressive_s00_b4_rep6,pythia-160m,quantisation,aggressive,6,1234,0.0,4,success,b19b98a95c9b7812980ba608f035a8aaeb6015a3,50f5173d932e8e61f858120bcb800b97af589f46,4,"Windows|Intel64 Family 6 Model 186 Stepping 2, GenuineIntel|16|NVIDIA GeForce RTX 4050 Laptop GPU",52.26731909076308,68.604008720241,1035113.3364257812,261632,512,512,cpu,test,9939fb7302c336ce,,,84934656
pythia-160m_quantisation_aggressive_s00_b4_rep7,pythia-160m,quantisation,aggressive,7,1234,0.0,4,success,b19b98a95c9b7812980ba608f035a8aaeb6015a3,50f5173d932e8e61f858120bcb800b97af589f46,4,"Windows|Intel64 Family 6 Model 186 Stepping 2, GenuineIntel|16|NVIDIA GeForce RTX 4050 Laptop GPU",52.4559039073955,68.35736966837001,1036055.6274414062,261632,512,512,cpu,test,9939fb7302c336ce,,,84934656
pythia-160m_quantisation_moderate_s00_b8_rep0,pythia-160m,quantisation,moderate,0,1234,0.0,8,success,b19b98a95c9b7812980ba608f035a8aaeb6015a3,50f5173d932e8e61f858120bcb800b97af589f46,4,"Windows|Intel64 Family 6 Model 186 Stepping 2, GenuineIntel|16|NVIDIA GeForce RTX 4050 Laptop GPU",35.86733649190741,99.97250884507038,936597.306640625,261632,512,512,cpu,test,9939fb7302c336ce,,,84934656
pythia-160m_quantisation_moderate_s00_b8_rep1,pythia-160m,quantisation,moderate,1,1234,0.0,8,success,b19b98a95c9b7812980ba608f035a8aaeb6015a3,50f5173d932e8e61f858120bcb800b97af589f46,4,"Windows|Intel64 Family 6 Model 186 Stepping 2, GenuineIntel|16|NVIDIA GeForce RTX 4050 Laptop GPU",35.87423192418897,99.9532930004994,936647.6000976562,261632,512,512,cpu,test,9939fb7302c336ce,,,84934656
pythia-160m_quantisation_moderate_s00_b8_rep2,pythia-160m,quantisation,moderate,2,1234,0.0,8,success,b19b98a95c9b7812980ba608f035a8aaeb6015a3,50f5173d932e8e61f858120bcb800b97af589f46,4,"Windows|Intel64 Family 6 Model 186 Stepping 2, GenuineIntel|16|NVIDIA GeForce RTX 4050 Laptop GPU",35.88814826325522,99.91453413487112,936749.0727539062,261632,512,512,cpu,test,9939fb7302c336ce,,,84934656
pythia-160m_quantisation_moderate_s00_b8_rep3,pythia-160m,quantisation,moderate,3,1234,0.0,8,success,b19b98a95c9b7812980ba608f035a8aaeb6015a3,50f5173d932e8e61f858120bcb800b97af589f46,4,"Windows|Intel64 Family 6 Model 186 Stepping 2, GenuineIntel|16|NVIDIA GeForce RTX 4050 Laptop GPU",35.86929919298988,99.96703853603893,936611.623046875,261632,512,512,cpu,test,9939fb7302c336ce,,,84934656
pythia-160m_quantisation_moderate_s00_b8_rep4,pythia-160m,quantisation,moderate,4,1234,0.0,8,success,b19b98a95c9b7812980ba608f035a8aaeb6015a3,50f5173d932e8e61f858120bcb800b97af589f46,4,"Windows|Intel64 Family 6 Model 186 Stepping 2, GenuineIntel|16|NVIDIA GeForce RTX 4050 Laptop GPU",35.88654070047884,99.91900987654918,936737.3530273438,261632,512,512,cpu,test,9939fb7302c336ce,,,84934656
pythia-160m_quantisation_moderate_s00_b8_rep5,pythia-160m,quantisation,moderate,5,1234,0.0,8,success,b19b98a95c9b7812980ba608f035a8aaeb6015a3,50f5173d932e8e61f858120bcb800b97af589f46,4,"Windows|Intel64 Family 6 Model 186 Stepping 2, GenuineIntel|16|NVIDIA GeForce RTX 4050 Laptop GPU",35.85286482079685,100.01286180641209,936491.72265625,261632,512,512,cpu,test,9939fb7302c336ce,,,84934656
pythia-160m_quantisation_moderate_s00_b8_rep6,pythia-160m,quantisation,moderate,6,1234,0.0,8,success,b19b98a95c9b7812980ba608f035a8aaeb6015a3,50f5173d932e8e61f858120bcb800b97af589f46,4,"Windows|Intel64 Family 6 Model 186 Stepping 2, GenuineIntel|16|NVIDIA GeForce RTX 4050 Laptop GPU",35.879801736118246,99.93777672067658,936688.2177734375,261632,512,512,cpu,test,9939fb7302c336ce,,,84934656
pythia-160m_quantisation_moderate_s00_b8_rep7,pythia-160m,quantisation,moderate,7,1234,0.0,8,success,b19b98a95c9b7812980ba608f035a8aaeb6015a3,50f5173d932e8e61f858120bcb800b97af589f46,4,"Windows|Intel64 Family 6 Model 186 Stepping 2, GenuineIntel|16|NVIDIA GeForce RTX 4050 Laptop GPU",35.88439931528342,99.92497249798282,936721.7407226562,261632,512,512,cpu,test,9939fb7302c336ce,,,84934656
pythia-160m_sequential_aggressive_s30_b4_rep0,pythia-160m,sequential,aggressive,0,1234,0.3,4,success,b19b98a95c9b7812980ba608f035a8aaeb6015a3,50f5173d932e8e61f858120bcb800b97af589f46,4,"Windows|Intel64 Family 6 Model 186 Stepping 2, GenuineIntel|16|NVIDIA GeForce RTX 4050 Laptop GPU",63.524434683458765,56.446745768837644,1086145.5288085938,261632,512,512,cpu,test,9939fb7302c336ce,,,84934656
pythia-160m_sequential_aggressive_s30_b4_rep1,pythia-160m,sequential,aggressive,1,1234,0.3,4,success,1c85a7301b4b7dc21b300ad87985928c8c9648e4,50f5173d932e8e61f858120bcb800b97af589f46,4,"Windows|Intel64 Family 6 Model 186 Stepping 2, GenuineIntel|16|NVIDIA GeForce RTX 4050 Laptop GPU",64.98766685629779,56.89402367932752,1051576.3596191406,251923,493,512,cpu,validation,da4b790a50b187c5,,,84934656
pythia-160m_sequential_aggressive_s30_b4_rep2,pythia-160m,sequential,aggressive,2,1234,0.3,4,success,1c85a7301b4b7dc21b300ad87985928c8c9648e4,50f5173d932e8e61f858120bcb800b97af589f46,4,"Windows|Intel64 Family 6 Model 186 Stepping 2, GenuineIntel|16|NVIDIA GeForce RTX 4050 Laptop GPU",66.35166272287353,55.72444917362771,1056809.1301269531,251923,493,512,cpu,validation,da4b790a50b187c5,,,84934656
pythia-160m_sequential_aggressive_s30_b4_seed1234,pythia-160m,sequential,aggressive,,1234,0.3,4,success,f8e0ae1772d43d01585b280c3deab1085ad3c233,50f5173d932e8e61f858120bcb800b97af589f46,4,"Windows|Intel64 Family 6 Model 186 Stepping 2, GenuineIntel|16|NVIDIA GeForce RTX 4050 Laptop GPU",65.26130752548073,56.65547043630121,1052634.8935546875,251923,493,512,cpu,validation,da4b790a50b187c5,,,84934656
pythia-160m_sequential_moderate_s30_b8_rep0,pythia-160m,sequential,moderate,0,1234,0.3,8,failure,b19b98a95c9b7812980ba608f035a8aaeb6015a3,50f5173d932e8e61f858120bcb800b97af589f46,4,"Windows|Intel64 Family 6 Model 186 Stepping 2, GenuineIntel|16|NVIDIA GeForce RTX 4050 Laptop GPU",,,,,,,,test,,,,84934656
pythia-160m_sequential_moderate_s30_b8_rep1,pythia-160m,sequential,moderate,1,1234,0.3,8,failure,b19b98a95c9b7812980ba608f035a8aaeb6015a3,50f5173d932e8e61f858120bcb800b97af589f46,4,"Windows|Intel64 Family 6 Model 186 Stepping 2, GenuineIntel|16|NVIDIA GeForce RTX 4050 Laptop GPU",,,,,,,,test,,,,84934656
pythia-160m_sequential_moderate_s30_b8_rep2,pythia-160m,sequential,moderate,2,1234,0.3,8,failure,b19b98a95c9b7812980ba608f035a8aaeb6015a3,50f5173d932e8e61f858120bcb800b97af589f46,4,"Windows|Intel64 Family 6 Model 186 Stepping 2, GenuineIntel|16|NVIDIA GeForce RTX 4050 Laptop GPU",,,,,,,,test,,,,84934656
pythia-160m_sequential_moderate_s30_b8_rep3,pythia-160m,sequential,moderate,3,1234,0.3,8,failure,b19b98a95c9b7812980ba608f035a8aaeb6015a3,50f5173d932e8e61f858120bcb800b97af589f46,4,"Windows|Intel64 Family 6 Model 186 Stepping 2, GenuineIntel|16|NVIDIA GeForce RTX 4050 Laptop GPU",,,,,,,,test,,,,84934656
pythia-160m_sequential_moderate_s30_b8_rep4,pythia-160m,sequential,moderate,4,1234,0.3,8,failure,b19b98a95c9b7812980ba608f035a8aaeb6015a3,50f5173d932e8e61f858120bcb800b97af589f46,4,"Windows|Intel64 Family 6 Model 186 Stepping 2, GenuineIntel|16|NVIDIA GeForce RTX 4050 Laptop GPU",,,,,,,,test,,,,84934656
pythia-160m_sequential_moderate_s30_b8_rep5,pythia-160m,sequential,moderate,5,1234,0.3,8,failure,b19b98a95c9b7812980ba608f035a8aaeb6015a3,50f5173d932e8e61f858120bcb800b97af589f46,4,"Windows|Intel64 Family 6 Model 186 Stepping 2, GenuineIntel|16|NVIDIA GeForce RTX 4050 Laptop GPU",,,,,,,,test,,,,84934656
pythia-160m_sequential_moderate_s30_b8_rep6,pythia-160m,sequential,moderate,6,1234,0.3,8,failure,b19b98a95c9b7812980ba608f035a8aaeb6015a3,50f5173d932e8e61f858120bcb800b97af589f46,4,"Windows|Intel64 Family 6 Model 186 Stepping 2, GenuineIntel|16|NVIDIA GeForce RTX 4050 Laptop GPU",,,,,,,,test,,,,84934656
pythia-160m_sequential_moderate_s30_b8_rep7,pythia-160m,sequential,moderate,7,1234,0.3,8,failure,b19b98a95c9b7812980ba608f035a8aaeb6015a3,50f5173d932e8e61f858120bcb800b97af589f46,4,"Windows|Intel64 Family 6 Model 186 Stepping 2, GenuineIntel|16|NVIDIA GeForce RTX 4050 Laptop GPU",,,,,,,,test,,,,84934656
pythia-160m_sequential_moderate_s30_b8_seed1234,pythia-160m,sequential,moderate,,1234,0.3,8,success,72ab1315444c5d7abdd238b63c0e89b0ab83c132-dirty,50f5173d932e8e61f858120bcb800b97af589f46,4,"Windows|Intel64 Family 6 Model 186 Stepping 2, GenuineIntel|16|NVIDIA GeForce RTX 4050 Laptop GPU",46.101378819772805,80.20172441259874,965077.4255371094,251923,493,512,cpu,validation,da4b790a50b187c5,,,84934656
pythia-160m_sequential_qp_aggressive_s30_b4_seed1234,pythia-160m,sequential_qp,aggressive,,1234,0.3,4,success,f8e0ae1772d43d01585b280c3deab1085ad3c233,50f5173d932e8e61f858120bcb800b97af589f46,4,"Windows|Intel64 Family 6 Model 186 Stepping 2, GenuineIntel|16|NVIDIA GeForce RTX 4050 Laptop GPU",70.5571764068292,52.40303350328464,1072290.9506835938,251923,493,512,cpu,validation,da4b790a50b187c5,,,84934656
pythia-160m_sequential_qp_moderate_s30_b8_rep0,pythia-160m,sequential_qp,moderate,0,1234,0.3,8,success,220a1f9f160bdd9d6d5786d90d3124c17c9c321d,50f5173d932e8e61f858120bcb800b97af589f46,4,"Windows|Intel64 Family 6 Model 186 Stepping 2, GenuineIntel|16|NVIDIA GeForce RTX 4050 Laptop GPU",45.855774316919515,80.63128171019048,963731.7211914062,251923,493,512,cpu,validation,da4b790a50b187c5,,,84934656
pythia-160m_sequential_qp_moderate_s30_b8_rep1,pythia-160m,sequential_qp,moderate,1,1234,0.3,8,success,220a1f9f160bdd9d6d5786d90d3124c17c9c321d,50f5173d932e8e61f858120bcb800b97af589f46,4,"Windows|Intel64 Family 6 Model 186 Stepping 2, GenuineIntel|16|NVIDIA GeForce RTX 4050 Laptop GPU",46.01891565020924,80.34543632211037,964626.3984375,251923,493,512,cpu,validation,da4b790a50b187c5,,,84934656
pythia-160m_sequential_qp_moderate_s30_b8_rep2,pythia-160m,sequential_qp,moderate,2,1234,0.3,8,success,220a1f9f160bdd9d6d5786d90d3124c17c9c321d,50f5173d932e8e61f858120bcb800b97af589f46,4,"Windows|Intel64 Family 6 Model 186 Stepping 2, GenuineIntel|16|NVIDIA GeForce RTX 4050 Laptop GPU",46.04047613766059,80.30781102113788,964744.4001464844,251923,493,512,cpu,validation,da4b790a50b187c5,,,84934656
pythia-160m_sequential_qp_moderate_s30_b8_rep3,pythia-160m,sequential_qp,moderate,3,1234,0.3,8,success,220a1f9f160bdd9d6d5786d90d3124c17c9c321d,50f5173d932e8e61f858120bcb800b97af589f46,4,"Windows|Intel64 Family 6 Model 186 Stepping 2, GenuineIntel|16|NVIDIA GeForce RTX 4050 Laptop GPU",45.90178883079308,80.55045241518035,963984.3895263672,251923,493,512,cpu,validation,da4b790a50b187c5,,,84934656
pythia-160m_sequential_qp_moderate_s30_b8_rep4,pythia-160m,sequential_qp,moderate,4,1234,0.3,8,success,220a1f9f160bdd9d6d5786d90d3124c17c9c321d,50f5173d932e8e61f858120bcb800b97af589f46,4,"Windows|Intel64 Family 6 Model 186 Stepping 2, GenuineIntel|16|NVIDIA GeForce RTX 4050 Laptop GPU",46.0238891873996,80.33675385257816,964653.6237792969,251923,493,512,cpu,validation,da4b790a50b187c5,,,84934656
pythia-160m_sequential_qp_moderate_s30_b8_seed1234,pythia-160m,sequential_qp,moderate,,1234,0.3,8,success,f8e0ae1772d43d01585b280c3deab1085ad3c233,50f5173d932e8e61f858120bcb800b97af589f46,4,"Windows|Intel64 Family 6 Model 186 Stepping 2, GenuineIntel|16|NVIDIA GeForce RTX 4050 Laptop GPU",45.85577327259825,80.63128839119749,963731.7154541016,251923,493,512,cpu,validation,da4b790a50b187c5,,,84934656
pythia-160m_sequential_s1_30_w8_s30_b8_seed1234,pythia-160m,sequential,s1_30_w8,,1234,0.3,8,success,993df21f25a9f5f13bb406616166942da0b5d818,50f5173d932e8e61f858120bcb800b97af589f46,4,"Windows|Intel64 Family 6 Model 186 Stepping 2, GenuineIntel|16|NVIDIA GeForce RTX 4050 Laptop GPU",46.101378819772805,80.20172441259874,965077.4255371094,251923,493,512,cpu,validation,da4b790a50b187c5,,,84934656
pythia-160m_sequential_s2_50_w8_s50_b8_seed1234,pythia-160m,sequential,s2_50_w8,,1234,0.5,8,success,b5c413fbdf6e857f48dea1722179336cc1076e1b,50f5173d932e8e61f858120bcb800b97af589f46,4,"Windows|Intel64 Family 6 Model 186 Stepping 2, GenuineIntel|16|NVIDIA GeForce RTX 4050 Laptop GPU",177.75961236708355,20.800057054067356,1305070.0073242188,251923,493,512,cpu,validation,da4b790a50b187c5,,,84934656
pythia-160m_sequential_s3_50_w4_s50_b4_seed1234,pythia-160m,sequential,s3_50_w4,,1234,0.5,4,success,b5c413fbdf6e857f48dea1722179336cc1076e1b,50f5173d932e8e61f858120bcb800b97af589f46,4,"Windows|Intel64 Family 6 Model 186 Stepping 2, GenuineIntel|16|NVIDIA GeForce RTX 4050 Laptop GPU",254.5312197927839,14.52635194281601,1395508.1862792969,251923,493,512,cpu,validation,da4b790a50b187c5,,,84934656
pythia-160m_sequential_s4_70_w4_s70_b4_seed1234,pythia-160m,sequential,s4_70_w4,,1234,0.7,4,success,b5c413fbdf6e857f48dea1722179336cc1076e1b,50f5173d932e8e61f858120bcb800b97af589f46,4,"Windows|Intel64 Family 6 Model 186 Stepping 2, GenuineIntel|16|NVIDIA GeForce RTX 4050 Laptop GPU",5041.606777670168,0.7333793058832894,2147764.5270996094,251923,493,512,cpu,validation,da4b790a50b187c5,,,84934656
pythia-160m_sequential_s5_30_w4_s30_b4_seed1234,pythia-160m,sequential,s5_30_w4,,1234,0.3,4,success,b5c413fbdf6e857f48dea1722179336cc1076e1b,50f5173d932e8e61f858120bcb800b97af589f46,4,"Windows|Intel64 Family 6 Model 186 Stepping 2, GenuineIntel|16|NVIDIA GeForce RTX 4050 Laptop GPU",65.26130752548073,56.65547043630121,1052634.8935546875,251923,493,512,cpu,validation,da4b790a50b187c5,,,84934656
pythia-160m_sequential_s6_40_w8_s40_b8_rep0,pythia-160m,sequential,s6_40_w8,0,1234,0.4,8,success,b9ff0a57ae6c71d23b0e38cd71666ad5f88b65d0-dirty,50f5173d932e8e61f858120bcb800b97af589f46,4,"Windows|Intel64 Family 6 Model 186 Stepping 2, GenuineIntel|16|NVIDIA GeForce RTX 4050 Laptop GPU",67.9286431458815,54.43079216297622,1062726.5415039062,251923,493,512,cpu,validation,da4b790a50b187c5,,,84934656
pythia-160m_sequential_s6_40_w8_s40_b8_rep1,pythia-160m,sequential,s6_40_w8,1,1234,0.4,8,success,b9ff0a57ae6c71d23b0e38cd71666ad5f88b65d0-dirty,50f5173d932e8e61f858120bcb800b97af589f46,4,"Windows|Intel64 Family 6 Model 186 Stepping 2, GenuineIntel|16|NVIDIA GeForce RTX 4050 Laptop GPU",68.56427059202454,53.92618961830742,1065072.8952636719,251923,493,512,cpu,validation,da4b790a50b187c5,,,84934656
pythia-160m_sequential_s6_40_w8_s40_b8_rep2,pythia-160m,sequential,s6_40_w8,2,1234,0.4,8,success,b9ff0a57ae6c71d23b0e38cd71666ad5f88b65d0-dirty,50f5173d932e8e61f858120bcb800b97af589f46,4,"Windows|Intel64 Family 6 Model 186 Stepping 2, GenuineIntel|16|NVIDIA GeForce RTX 4050 Laptop GPU",67.97319668623399,54.395115092994565,1062891.7204589844,251923,493,512,cpu,validation,da4b790a50b187c5,,,84934656
pythia-160m_sequential_s6_40_w8_s40_b8_seed1234,pythia-160m,sequential,s6_40_w8,,1234,0.4,8,success,b5c413fbdf6e857f48dea1722179336cc1076e1b,50f5173d932e8e61f858120bcb800b97af589f46,4,"Windows|Intel64 Family 6 Model 186 Stepping 2, GenuineIntel|16|NVIDIA GeForce RTX 4050 Laptop GPU",67.92844131078915,54.43095716310763,1062725.79296875,251923,493,512,cpu,validation,da4b790a50b187c5,,,84934656
pythia-1b_dense_moderate_s00_b32_rep0,pythia-1b,dense,moderate,0,1234,0.0,32,success,e0c06ac17fb95ee27156508ed114f145d0111784,f73d7dcc545c8bd326d8559c8ef84ffe92fea6b2,4,"Windows|Intel64 Family 6 Model 186 Stepping 2, GenuineIntel|16|NVIDIA GeForce RTX 4050 Laptop GPU",17.256371266639835,100.0,745175.40234375,261632,512,512,cpu,test,9939fb7302c336ce,,,
pythia-1b_joint_aggressive_s30_b4_rep0,pythia-1b,joint,aggressive,0,1234,0.3,4,success,fea9eecc66b0b14433cd18a8c42bf6b10612633d-dirty,f73d7dcc545c8bd326d8559c8ef84ffe92fea6b2,4,"Windows|Intel64 Family 6 Model 186 Stepping 2, GenuineIntel|16|NVIDIA GeForce RTX 4050 Laptop GPU",20.030107943815924,89.58138465197472,755072.8205566406,251923,493,512,cuda:0,validation,da4b790a50b187c5,,,805306368
pythia-1b_joint_aggressive_s30_b4_rep1,pythia-1b,joint,aggressive,1,1234,0.3,4,success,fea9eecc66b0b14433cd18a8c42bf6b10612633d-dirty,f73d7dcc545c8bd326d8559c8ef84ffe92fea6b2,4,"Windows|Intel64 Family 6 Model 186 Stepping 2, GenuineIntel|16|NVIDIA GeForce RTX 4050 Laptop GPU",20.030379665599902,89.58016943718322,755076.2380371094,251923,493,512,cuda:0,validation,da4b790a50b187c5,,,805306368
pythia-1b_joint_aggressive_s30_b4_rep2,pythia-1b,joint,aggressive,2,1234,0.3,4,success,fea9eecc66b0b14433cd18a8c42bf6b10612633d-dirty,f73d7dcc545c8bd326d8559c8ef84ffe92fea6b2,4,"Windows|Intel64 Family 6 Model 186 Stepping 2, GenuineIntel|16|NVIDIA GeForce RTX 4050 Laptop GPU",19.98070211603235,89.80289050482351,754450.6651611328,251923,493,512,cuda:0,validation,da4b790a50b187c5,,,805306368
pythia-1b_joint_moderate_s30_b8_rep0,pythia-1b,joint,moderate,0,1234,0.3,8,success,fea9eecc66b0b14433cd18a8c42bf6b10612633d-dirty,f73d7dcc545c8bd326d8559c8ef84ffe92fea6b2,4,"Windows|Intel64 Family 6 Model 186 Stepping 2, GenuineIntel|16|NVIDIA GeForce RTX 4050 Laptop GPU",18.627453951729002,96.32689518306388,736783.2038574219,251923,493,512,cuda:0,validation,da4b790a50b187c5,,,805306368
pythia-1b_joint_moderate_s30_b8_rep1,pythia-1b,joint,moderate,1,1234,0.3,8,success,fea9eecc66b0b14433cd18a8c42bf6b10612633d-dirty,f73d7dcc545c8bd326d8559c8ef84ffe92fea6b2,4,"Windows|Intel64 Family 6 Model 186 Stepping 2, GenuineIntel|16|NVIDIA GeForce RTX 4050 Laptop GPU",18.656040129793205,96.17929591982701,737169.5151367188,251923,493,512,cuda:0,validation,da4b790a50b187c5,,,805306368
pythia-1b_joint_moderate_s30_b8_rep2,pythia-1b,joint,moderate,2,1234,0.3,8,success,fea9eecc66b0b14433cd18a8c42bf6b10612633d-dirty,f73d7dcc545c8bd326d8559c8ef84ffe92fea6b2,4,"Windows|Intel64 Family 6 Model 186 Stepping 2, GenuineIntel|16|NVIDIA GeForce RTX 4050 Laptop GPU",18.653277020990583,96.19354295314385,737132.2005615234,251923,493,512,cuda:0,validation,da4b790a50b187c5,,,805306368
pythia-1b_sequential_aggressive_s30_b4_rep0,pythia-1b,sequential,aggressive,0,1234,0.3,4,success,fea9eecc66b0b14433cd18a8c42bf6b10612633d-dirty,f73d7dcc545c8bd326d8559c8ef84ffe92fea6b2,4,"Windows|Intel64 Family 6 Model 186 Stepping 2, GenuineIntel|16|NVIDIA GeForce RTX 4050 Laptop GPU",20.031091987059042,89.57698389557397,755085.1967773438,251923,493,512,cuda:0,validation,da4b790a50b187c5,,,805306368
pythia-1b_sequential_aggressive_s30_b4_rep1,pythia-1b,sequential,aggressive,1,1234,0.3,4,success,fea9eecc66b0b14433cd18a8c42bf6b10612633d-dirty,f73d7dcc545c8bd326d8559c8ef84ffe92fea6b2,4,"Windows|Intel64 Family 6 Model 186 Stepping 2, GenuineIntel|16|NVIDIA GeForce RTX 4050 Laptop GPU",20.06401780908792,89.42998463263005,755498.9516601562,251923,493,512,cuda:0,validation,da4b790a50b187c5,,,805306368
pythia-1b_sequential_aggressive_s30_b4_rep2,pythia-1b,sequential,aggressive,2,1234,0.3,4,success,fea9eecc66b0b14433cd18a8c42bf6b10612633d-dirty,f73d7dcc545c8bd326d8559c8ef84ffe92fea6b2,4,"Windows|Intel64 Family 6 Model 186 Stepping 2, GenuineIntel|16|NVIDIA GeForce RTX 4050 Laptop GPU",20.080224755285688,89.35780481556768,755702.36328125,251923,493,512,cuda:0,validation,da4b790a50b187c5,,,805306368
pythia-1b_sequential_moderate_s30_b8_rep0,pythia-1b,sequential,moderate,0,1234,0.3,8,success,fea9eecc66b0b14433cd18a8c42bf6b10612633d-dirty,f73d7dcc545c8bd326d8559c8ef84ffe92fea6b2,4,"Windows|Intel64 Family 6 Model 186 Stepping 2, GenuineIntel|16|NVIDIA GeForce RTX 4050 Laptop GPU",18.627576823187177,96.32625979037782,736784.8656005859,251923,493,512,cuda:0,validation,da4b790a50b187c5,,,805306368
pythia-1b_sequential_moderate_s30_b8_rep1,pythia-1b,sequential,moderate,1,1234,0.3,8,success,fea9eecc66b0b14433cd18a8c42bf6b10612633d-dirty,f73d7dcc545c8bd326d8559c8ef84ffe92fea6b2,4,"Windows|Intel64 Family 6 Model 186 Stepping 2, GenuineIntel|16|NVIDIA GeForce RTX 4050 Laptop GPU",18.654613558834193,96.18665102209084,737150.2506103516,251923,493,512,cuda:0,validation,da4b790a50b187c5,,,805306368
pythia-1b_sequential_moderate_s30_b8_rep2,pythia-1b,sequential,moderate,2,1234,0.3,8,success,fea9eecc66b0b14433cd18a8c42bf6b10612633d-dirty,f73d7dcc545c8bd326d8559c8ef84ffe92fea6b2,4,"Windows|Intel64 Family 6 Model 186 Stepping 2, GenuineIntel|16|NVIDIA GeForce RTX 4050 Laptop GPU",18.64842327078944,96.21857989174597,737066.6394042969,251923,493,512,cuda:0,validation,da4b790a50b187c5,,,805306368
pythia-1b_sequential_qp_aggressive_s30_b4_rep0,pythia-1b,sequential_qp,aggressive,0,1234,0.3,4,success,fea9eecc66b0b14433cd18a8c42bf6b10612633d-dirty,f73d7dcc545c8bd326d8559c8ef84ffe92fea6b2,4,"Windows|Intel64 Family 6 Model 186 Stepping 2, GenuineIntel|16|NVIDIA GeForce RTX 4050 Laptop GPU",20.564244158875088,87.2545954265553,761702.755859375,251923,493,512,cuda:0,validation,da4b790a50b187c5,,,805306368
pythia-1b_sequential_qp_aggressive_s30_b4_rep1,pythia-1b,sequential_qp,aggressive,1,1234,0.3,4,success,fea9eecc66b0b14433cd18a8c42bf6b10612633d-dirty,f73d7dcc545c8bd326d8559c8ef84ffe92fea6b2,4,"Windows|Intel64 Family 6 Model 186 Stepping 2, GenuineIntel|16|NVIDIA GeForce RTX 4050 Laptop GPU",20.57869708533298,87.19331437238633,761879.7497558594,251923,493,512,cuda:0,validation,da4b790a50b187c5,,,805306368
pythia-1b_sequential_qp_aggressive_s30_b4_rep2,pythia-1b,sequential_qp,aggressive,2,1234,0.3,4,success,fea9eecc66b0b14433cd18a8c42bf6b10612633d-dirty,f73d7dcc545c8bd326d8559c8ef84ffe92fea6b2,4,"Windows|Intel64 Family 6 Model 186 Stepping 2, GenuineIntel|16|NVIDIA GeForce RTX 4050 Laptop GPU",20.510970012557816,87.4812260579083,761049.2722167969,251923,493,512,cuda:0,validation,da4b790a50b187c5,,,805306368
pythia-1b_sequential_qp_moderate_s30_b8_rep0,pythia-1b,sequential_qp,moderate,0,1234,0.3,8,success,fea9eecc66b0b14433cd18a8c42bf6b10612633d-dirty,f73d7dcc545c8bd326d8559c8ef84ffe92fea6b2,4,"Windows|Intel64 Family 6 Model 186 Stepping 2, GenuineIntel|16|NVIDIA GeForce RTX 4050 Laptop GPU",18.605245835933907,96.441875595646,736482.67578125,251923,493,512,cuda:0,validation,da4b790a50b187c5,,,805306368
pythia-1b_sequential_qp_moderate_s30_b8_rep1,pythia-1b,sequential_qp,moderate,1,1234,0.3,8,success,fea9eecc66b0b14433cd18a8c42bf6b10612633d-dirty,f73d7dcc545c8bd326d8559c8ef84ffe92fea6b2,4,"Windows|Intel64 Family 6 Model 186 Stepping 2, GenuineIntel|16|NVIDIA GeForce RTX 4050 Laptop GPU",18.64423905416728,96.24017366021108,737010.1081542969,251923,493,512,cuda:0,validation,da4b790a50b187c5,,,805306368
pythia-1b_sequential_qp_moderate_s30_b8_rep2,pythia-1b,sequential_qp,moderate,2,1234,0.3,8,success,fea9eecc66b0b14433cd18a8c42bf6b10612633d-dirty,f73d7dcc545c8bd326d8559c8ef84ffe92fea6b2,4,"Windows|Intel64 Family 6 Model 186 Stepping 2, GenuineIntel|16|NVIDIA GeForce RTX 4050 Laptop GPU",18.62233003198007,96.35339945399744,736713.8969726562,251923,493,512,cuda:0,validation,da4b790a50b187c5,,,805306368
pythia-410m_dense_aggressive_s00_b32_rep0,pythia-410m,dense,aggressive,0,1234,0.0,32,success,4f03744ede32125723237ff315fc20b4d3c9c121-dirty,9879c9b5f8bea9051dcb0e68dff21493d67e9d4f,4,"Windows|Intel64 Family 6 Model 186 Stepping 2, GenuineIntel|16|NVIDIA GeForce RTX 4050 Laptop GPU",22.165860360353165,99.99999999999999,780596.8388671875,251923,493,512,cpu,validation,da4b790a50b187c5,,,
pythia-410m_dense_moderate_s00_b32_rep0,pythia-410m,dense,moderate,0,1234,0.0,32,success,e0c06ac17fb95ee27156508ed114f145d0111784,9879c9b5f8bea9051dcb0e68dff21493d67e9d4f,4,"Windows|Intel64 Family 6 Model 186 Stepping 2, GenuineIntel|16|NVIDIA GeForce RTX 4050 Laptop GPU",21.323072101218123,100.0,800538.89453125,261632,512,512,cpu,test,9939fb7302c336ce,,,
pythia-410m_dense_moderate_s00_b32_seed1234,pythia-410m,dense,moderate,,1234,0.0,32,success,15e1f16defec9b49b5988476edf8f64a330fc97e-dirty,9879c9b5f8bea9051dcb0e68dff21493d67e9d4f,4,"Windows|Intel64 Family 6 Model 186 Stepping 2, GenuineIntel|16|NVIDIA GeForce RTX 4050 Laptop GPU",22.165860650348222,100.0,780596.8421630859,251923,493,512,cpu,validation,da4b790a50b187c5,,,
pythia-410m_joint_aggressive_s30_b4_rep0,pythia-410m,joint,aggressive,0,1234,0.3,4,success,b2438c09d071d39bc6b0561a9b5379f840fca1b5,9879c9b5f8bea9051dcb0e68dff21493d67e9d4f,4,"Windows|Intel64 Family 6 Model 186 Stepping 2, GenuineIntel|16|NVIDIA GeForce RTX 4050 Laptop GPU",37.414566775829286,59.2439316300539,912480.2502441406,251923,493,512,cpu,validation,da4b790a50b187c5,,,301989888
pythia-410m_joint_aggressive_s30_b4_rep1,pythia-410m,joint,aggressive,1,1234,0.3,4,success,b2438c09d071d39bc6b0561a9b5379f840fca1b5,9879c9b5f8bea9051dcb0e68dff21493d67e9d4f,4,"Windows|Intel64 Family 6 Model 186 Stepping 2, GenuineIntel|16|NVIDIA GeForce RTX 4050 Laptop GPU",38.24213419170855,57.96188112628673,917991.7668457031,251923,493,512,cpu,validation,da4b790a50b187c5,,,301989888
pythia-410m_joint_aggressive_s30_b4_rep2,pythia-410m,joint,aggressive,2,1234,0.3,4,success,b2438c09d071d39bc6b0561a9b5379f840fca1b5,9879c9b5f8bea9051dcb0e68dff21493d67e9d4f,4,"Windows|Intel64 Family 6 Model 186 Stepping 2, GenuineIntel|16|NVIDIA GeForce RTX 4050 Laptop GPU",37.54520234836023,59.03779703912356,913358.3249511719,251923,493,512,cpu,validation,da4b790a50b187c5,,,301989888
pythia-410m_joint_aggressive_s30_b4_seed1234,pythia-410m,joint,aggressive,,1234,0.3,4,success,8296cef13af3c962d32acb87f7cd888b3e508984,9879c9b5f8bea9051dcb0e68dff21493d67e9d4f,4,"Windows|Intel64 Family 6 Model 186 Stepping 2, GenuineIntel|16|NVIDIA GeForce RTX 4050 Laptop GPU",37.41456672144115,59.24393249126053,912480.2498779297,251923,493,512,cpu,validation,da4b790a50b187c5,,,301989888
pythia-410m_joint_moderate_s30_b8_seed1234,pythia-410m,joint,moderate,,1234,0.3,8,success,8296cef13af3c962d32acb87f7cd888b3e508984,9879c9b5f8bea9051dcb0e68dff21493d67e9d4f,4,"Windows|Intel64 Family 6 Model 186 Stepping 2, GenuineIntel|16|NVIDIA GeForce RTX 4050 Laptop GPU",29.100110192234215,76.17105400605494,849167.4270019531,251923,493,512,cpu,validation,da4b790a50b187c5,,,301989888
pythia-410m_joint_s6_40_w8_s40_b8_rep0,pythia-410m,joint,s6_40_w8,0,1234,0.4,8,success,b9ff0a57ae6c71d23b0e38cd71666ad5f88b65d0-dirty,9879c9b5f8bea9051dcb0e68dff21493d67e9d4f,4,"Windows|Intel64 Family 6 Model 186 Stepping 2, GenuineIntel|16|NVIDIA GeForce RTX 4050 Laptop GPU",38.92635209304428,56.943071129220876,922459.2574462891,251923,493,512,cpu,validation,da4b790a50b187c5,,,301989888
pythia-410m_joint_s6_40_w8_s40_b8_rep1,pythia-410m,joint,s6_40_w8,1,1234,0.4,8,success,b9ff0a57ae6c71d23b0e38cd71666ad5f88b65d0-dirty,9879c9b5f8bea9051dcb0e68dff21493d67e9d4f,4,"Windows|Intel64 Family 6 Model 186 Stepping 2, GenuineIntel|16|NVIDIA GeForce RTX 4050 Laptop GPU",38.89385506810245,56.990648835249516,922248.8558349609,251923,493,512,cpu,validation,da4b790a50b187c5,,,301989888
pythia-410m_joint_s6_40_w8_s40_b8_rep2,pythia-410m,joint,s6_40_w8,2,1234,0.4,8,success,b9ff0a57ae6c71d23b0e38cd71666ad5f88b65d0-dirty,9879c9b5f8bea9051dcb0e68dff21493d67e9d4f,4,"Windows|Intel64 Family 6 Model 186 Stepping 2, GenuineIntel|16|NVIDIA GeForce RTX 4050 Laptop GPU",39.110995918192735,56.67424170613505,923651.4074707031,251923,493,512,cpu,validation,da4b790a50b187c5,,,301989888
pythia-410m_sequential_aggressive_s30_b4_rep0,pythia-410m,sequential,aggressive,0,1234,0.3,4,success,b2438c09d071d39bc6b0561a9b5379f840fca1b5,9879c9b5f8bea9051dcb0e68dff21493d67e9d4f,4,"Windows|Intel64 Family 6 Model 186 Stepping 2, GenuineIntel|16|NVIDIA GeForce RTX 4050 Laptop GPU",37.85106053780264,58.56073791701466,915402.2760009766,251923,493,512,cpu,validation,da4b790a50b187c5,,,301989888
pythia-410m_sequential_aggressive_s30_b4_rep1,pythia-410m,sequential,aggressive,1,1234,0.3,4,success,b2438c09d071d39bc6b0561a9b5379f840fca1b5,9879c9b5f8bea9051dcb0e68dff21493d67e9d4f,4,"Windows|Intel64 Family 6 Model 186 Stepping 2, GenuineIntel|16|NVIDIA GeForce RTX 4050 Laptop GPU",37.91691272761374,58.45903256836213,915840.18359375,251923,493,512,cpu,validation,da4b790a50b187c5,,,301989888
pythia-410m_sequential_aggressive_s30_b4_rep2,pythia-410m,sequential,aggressive,2,1234,0.3,4,success,b2438c09d071d39bc6b0561a9b5379f840fca1b5,9879c9b5f8bea9051dcb0e68dff21493d67e9d4f,4,"Windows|Intel64 Family 6 Model 186 Stepping 2, GenuineIntel|16|NVIDIA GeForce RTX 4050 Laptop GPU",38.176154473514664,58.0620564486952,917556.7449951172,251923,493,512,cpu,validation,da4b790a50b187c5,,,301989888
pythia-410m_sequential_aggressive_s30_b4_seed1234,pythia-410m,sequential,aggressive,,1234,0.3,4,success,8296cef13af3c962d32acb87f7cd888b3e508984,9879c9b5f8bea9051dcb0e68dff21493d67e9d4f,4,"Windows|Intel64 Family 6 Model 186 Stepping 2, GenuineIntel|16|NVIDIA GeForce RTX 4050 Laptop GPU",37.851061638255764,58.560736980611836,915402.2833251953,251923,493,512,cpu,validation,da4b790a50b187c5,,,301989888
pythia-410m_sequential_moderate_s30_b8_seed1234,pythia-410m,sequential,moderate,,1234,0.3,8,success,9f536aae468f3c5243d3532aa8b20093e4342331-dirty,9879c9b5f8bea9051dcb0e68dff21493d67e9d4f,4,"Windows|Intel64 Family 6 Model 186 Stepping 2, GenuineIntel|16|NVIDIA GeForce RTX 4050 Laptop GPU",29.101846081382067,76.16651049683357,849182.4543457031,251923,493,512,cpu,validation,da4b790a50b187c5,,,301989888
pythia-410m_sequential_qp_aggressive_s30_b4_seed1234,pythia-410m,sequential_qp,aggressive,,1234,0.3,4,success,8296cef13af3c962d32acb87f7cd888b3e508984,9879c9b5f8bea9051dcb0e68dff21493d67e9d4f,4,"Windows|Intel64 Family 6 Model 186 Stepping 2, GenuineIntel|16|NVIDIA GeForce RTX 4050 Laptop GPU",42.8429328148835,51.73749599758463,946610.9265136719,251923,493,512,cpu,validation,da4b790a50b187c5,,,301989888
pythia-410m_sequential_qp_moderate_s30_b8_seed1234,pythia-410m,sequential_qp,moderate,,1234,0.3,8,success,8296cef13af3c962d32acb87f7cd888b3e508984,9879c9b5f8bea9051dcb0e68dff21493d67e9d4f,4,"Windows|Intel64 Family 6 Model 186 Stepping 2, GenuineIntel|16|NVIDIA GeForce RTX 4050 Laptop GPU",29.11722222431524,76.12628869466104,849315.5242919922,251923,493,512,cpu,validation,da4b790a50b187c5,,,301989888
pythia-410m_sequential_s6_40_w8_s40_b8_rep0,pythia-410m,sequential,s6_40_w8,0,1234,0.4,8,success,b9ff0a57ae6c71d23b0e38cd71666ad5f88b65d0-dirty,9879c9b5f8bea9051dcb0e68dff21493d67e9d4f,4,"Windows|Intel64 Family 6 Model 186 Stepping 2, GenuineIntel|16|NVIDIA GeForce RTX 4050 Laptop GPU",38.947427128762214,56.91225838120623,922595.6136474609,251923,493,512,cpu,validation,da4b790a50b187c5,,,301989888
pythia-410m_sequential_s6_40_w8_s40_b8_rep1,pythia-410m,sequential,s6_40_w8,1,1234,0.4,8,success,b9ff0a57ae6c71d23b0e38cd71666ad5f88b65d0-dirty,9879c9b5f8bea9051dcb0e68dff21493d67e9d4f,4,"Windows|Intel64 Family 6 Model 186 Stepping 2, GenuineIntel|16|NVIDIA GeForce RTX 4050 Laptop GPU",39.073997987082706,56.72790475057319,923412.982421875,251923,493,512,cpu,validation,da4b790a50b187c5,,,301989888
pythia-410m_sequential_s6_40_w8_s40_b8_rep2,pythia-410m,sequential,s6_40_w8,2,1234,0.4,8,success,b9ff0a57ae6c71d23b0e38cd71666ad5f88b65d0-dirty,9879c9b5f8bea9051dcb0e68dff21493d67e9d4f,4,"Windows|Intel64 Family 6 Model 186 Stepping 2, GenuineIntel|16|NVIDIA GeForce RTX 4050 Laptop GPU",39.084348067383154,56.71288241046834,923479.7039794922,251923,493,512,cpu,validation,da4b790a50b187c5,,,301989888
